{
  "batch_structure": [
    "base_plate.stl",
    "wall_left.stl",
    "wall_right.stl"
  ],
  "batch_mechanical": [
    "cam_neck.stl",
    "camshaft.stl",
    "camshaft_bracket.stl",
    "follower_guide_0.stl"
  ],
  "batch_other": [
    "collar_0.stl",
    "collar_1.stl",
    "crank_handle.stl"
  ],
  "batch_detail": [
    "fig_beak.stl",
    "fig_eye_left.stl",
    "fig_eye_right.stl"
  ],
  "batch_figurine": [
    "fig_body.stl",
    "fig_head.stl",
    "fig_leg_0.stl",
    "fig_leg_1.stl",
    "fig_neck.stl",
    "fig_tail.stl"
  ]
}