{
  "camshaft_bracket": {
    "euler_rad": [
      1.2560602805762824,
      0.023129252563505273,
      0
    ],
    "overhang_score": 1.6804
  },
  "crank_handle": {
    "euler_rad": [
      1.2560602805762824,
      0.023129252563505273,
      0
    ],
    "overhang_score": -0.1686
  },
  "collar_0": {
    "euler_rad": [
      2.93249455316981,
      0.13761358879672583,
      0
    ],
    "overhang_score": 0.569
  },
  "collar_1": {
    "euler_rad": [
      2.93249455316981,
      0.13761358879672583,
      0
    ],
    "overhang_score": 0.569
  },
  "cam_neck": {
    "euler_rad": [
      2.93249455316981,
      0.13761358879672583,
      0
    ],
    "overhang_score": 1.2336
  },
  "fig_body": {
    "euler_rad": [
      0.8049616944763924,
      1.4149291537728625,
      0
    ],
    "overhang_score": 0.3445
  },
  "fig_head": {
    "euler_rad": [
      2.4345984579721547,
      0.9058094531307292,
      0
    ],
    "overhang_score": 0.2368
  }
}