{
  "name": "Bird",
  "description": "Auto scene from FigurineConfig (movement=nod, body_type=bird)",
  "style": "fluid",
  "cycle_rpm": 2.0,
  "motor_stall_torque_mNm": 150.0,
  "links": [
    {
      "name": "body",
      "length": 32.72727272727273,
      "width": 16.363636363636363,
      "thickness": 8.181818181818182,
      "mass_grams": 2.434259954921111
    },
    {
      "name": "head",
      "length": 13.636363636363635,
      "width": 8.181818181818182,
      "thickness": 5.454545454545454,
      "mass_grams": 0.8114199849737037
    }
  ],
  "joints": [
    {
      "name": "neck",
      "type": "revolute",
      "axis": [
        1,
        0,
        0
      ],
      "position": [
        0.0,
        16.363636363636363,
        21.818181818181817
      ],
      "parent": "body",
      "child": "head",
      "limits": [
        -15,
        25
      ]
    }
  ],
  "tracks": [
    {
      "name": "neck",
      "joint_type": "revolute",
      "phase_offset_deg": 0.0,
      "frequency_multiplier": 1,
      "primitives": [
        {
          "kind": "LIFT",
          "amplitude": 13.636363636363635,
          "beta": 120,
          "law": "poly_4567",
          "direction": 1
        },
        {
          "kind": "PAUSE",
          "amplitude": 30.0,
          "beta": 30,
          "law": "cycloidal",
          "direction": 1
        },
        {
          "kind": "LIFT",
          "amplitude": 13.636363636363635,
          "beta": 120,
          "law": "poly_4567",
          "direction": -1
        },
        {
          "kind": "PAUSE",
          "amplitude": 30.0,
          "beta": 90,
          "law": "cycloidal",
          "direction": 1
        }
      ]
    }
  ]
}